{
  "fx": 935.6461822571149,
  "fy": 935.7779926708049,
  "Cx": 1501.8278990534407,
  "Cy": 1016.1713538034546,
  "k1": 0,
  "k2": 0,
  "k3": 0,
  "k4": 0,
  "P1": 0,
  "P2": 0
}